{"statuses":[{"_id":"5e21efe1a7825a1a83e4321a","created_at":"2020-01-17T17:22:09.000Z","id":1218221983973830700,"id_str":"1218221983973830656","text":"RT @CrappyDrawn: When you're danger noodle, but still look cute 🐍\n. https://t.co/ppWJgdQYnZ","truncated":false,"entities":{"hashtags":[],"symbols":[],"user_mentions":[{"screen_name":"CrappyDrawn","name":"drawn pets","id":1163509741299130400,"id_str":"1163509741299130368","indices":[3,15]}],"urls":[],"media":[{"id":1218143128160354300,"id_str":"1218143128160354304","indices":[68,91],"media_url":"http://pbs.twimg.com/media/EOe2uJeUwAA3LEn.jpg","media_url_https":"https://pbs.twimg.com/media/EOe2uJeUwAA3LEn.jpg","url":"https://t.co/ppWJgdQYnZ","display_url":"pic.twitter.com/ppWJgdQYnZ","expanded_url":"https://twitter.com/CrappyDrawn/status/1218143144056766466/photo/1","type":"photo","sizes":{"medium":{"w":1024,"h":859,"resize":"fit"},"thumb":{"w":150,"h":150,"resize":"crop"},"large":{"w":1024,"h":859,"resize":"fit"},"small":{"w":680,"h":570,"resize":"fit"}},"source_status_id":1218143144056766500,"source_status_id_str":"1218143144056766466","source_user_id":1163509741299130400,"source_user_id_str":"1163509741299130368"}]},"extended_entities":{"media":[{"id":1218143128160354300,"id_str":"1218143128160354304","indices":[68,91],"media_url":"http://pbs.twimg.com/media/EOe2uJeUwAA3LEn.jpg","media_url_https":"https://pbs.twimg.com/media/EOe2uJeUwAA3LEn.jpg","url":"https://t.co/ppWJgdQYnZ","display_url":"pic.twitter.com/ppWJgdQYnZ","expanded_url":"https://twitter.com/CrappyDrawn/status/1218143144056766466/photo/1","type":"photo","sizes":{"medium":{"w":1024,"h":859,"resize":"fit"},"thumb":{"w":150,"h":150,"resize":"crop"},"large":{"w":1024,"h":859,"resize":"fit"},"small":{"w":680,"h":570,"resize":"fit"}},"source_status_id":1218143144056766500,"source_status_id_str":"1218143144056766466","source_user_id":1163509741299130400,"source_user_id_str":"1163509741299130368"},{"id":1218143131389968400,"id_str":"1218143131389968384","indices":[68,91],"media_url":"http://pbs.twimg.com/media/EOe2uVgUwAAG1e4.jpg","media_url_https":"https://pbs.twimg.com/media/EOe2uVgUwAAG1e4.jpg","url":"https://t.co/ppWJgdQYnZ","display_url":"pic.twitter.com/ppWJgdQYnZ","expanded_url":"https://twitter.com/CrappyDrawn/status/1218143144056766466/photo/1","type":"photo","sizes":{"thumb":{"w":150,"h":150,"resize":"crop"},"medium":{"w":1080,"h":1080,"resize":"fit"},"large":{"w":1080,"h":1080,"resize":"fit"},"small":{"w":680,"h":680,"resize":"fit"}},"source_status_id":1218143144056766500,"source_status_id_str":"1218143144056766466","source_user_id":1163509741299130400,"source_user_id_str":"1163509741299130368"}]},"metadata":{"iso_language_code":"en","result_type":"recent"},"source":"<a href=\"http://twitter.com/download/android\" rel=\"nofollow\">Twitter for Android</a>","in_reply_to_status_id":null,"in_reply_to_status_id_str":null,"in_reply_to_user_id":null,"in_reply_to_user_id_str":null,"in_reply_to_screen_name":null,"user":{"id":1109119645330464800,"id_str":"1109119645330464768","name":"hannnnahh","screen_name":"yourehannah","location":"","description":"no fun🥀","url":null,"entities":{"description":{"urls":[]}},"protected":false,"followers_count":93,"friends_count":406,"listed_count":0,"created_at":"Fri Mar 22 15:48:24 +0000 2019","favourites_count":63872,"utc_offset":null,"time_zone":null,"geo_enabled":false,"verified":false,"statuses_count":6356,"lang":null,"contributors_enabled":false,"is_translator":false,"is_translation_enabled":false,"profile_background_color":"F5F8FA","profile_background_image_url":null,"profile_background_image_url_https":null,"profile_background_tile":false,"profile_image_url":"http://pbs.twimg.com/profile_images/1123561763377541120/6dvuYpmx_normal.jpg","profile_image_url_https":"https://pbs.twimg.com/profile_images/1123561763377541120/6dvuYpmx_normal.jpg","profile_banner_url":"https://pbs.twimg.com/profile_banners/1109119645330464768/1564676245","profile_link_color":"1DA1F2","profile_sidebar_border_color":"C0DEED","profile_sidebar_fill_color":"DDEEF6","profile_text_color":"333333","profile_use_background_image":true,"has_extended_profile":false,"default_profile":true,"default_profile_image":false,"following":false,"follow_request_sent":false,"notifications":false,"translator_type":"none"},"geo":null,"coordinates":null,"place":null,"contributors":null,"retweeted_status":{"created_at":"Fri Jan 17 12:08:52 +0000 2020","id":1218143144056766500,"id_str":"1218143144056766466","text":"When you're danger noodle, but still look cute 🐍\n. https://t.co/ppWJgdQYnZ","truncated":false,"entities":{"hashtags":[],"symbols":[],"user_mentions":[],"urls":[],"media":[{"id":1218143128160354300,"id_str":"1218143128160354304","indices":[51,74],"media_url":"http://pbs.twimg.com/media/EOe2uJeUwAA3LEn.jpg","media_url_https":"https://pbs.twimg.com/media/EOe2uJeUwAA3LEn.jpg","url":"https://t.co/ppWJgdQYnZ","display_url":"pic.twitter.com/ppWJgdQYnZ","expanded_url":"https://twitter.com/CrappyDrawn/status/1218143144056766466/photo/1","type":"photo","sizes":{"medium":{"w":1024,"h":859,"resize":"fit"},"thumb":{"w":150,"h":150,"resize":"crop"},"large":{"w":1024,"h":859,"resize":"fit"},"small":{"w":680,"h":570,"resize":"fit"}}}]},"extended_entities":{"media":[{"id":1218143128160354300,"id_str":"1218143128160354304","indices":[51,74],"media_url":"http://pbs.twimg.com/media/EOe2uJeUwAA3LEn.jpg","media_url_https":"https://pbs.twimg.com/media/EOe2uJeUwAA3LEn.jpg","url":"https://t.co/ppWJgdQYnZ","display_url":"pic.twitter.com/ppWJgdQYnZ","expanded_url":"https://twitter.com/CrappyDrawn/status/1218143144056766466/photo/1","type":"photo","sizes":{"medium":{"w":1024,"h":859,"resize":"fit"},"thumb":{"w":150,"h":150,"resize":"crop"},"large":{"w":1024,"h":859,"resize":"fit"},"small":{"w":680,"h":570,"resize":"fit"}}},{"id":1218143131389968400,"id_str":"1218143131389968384","indices":[51,74],"media_url":"http://pbs.twimg.com/media/EOe2uVgUwAAG1e4.jpg","media_url_https":"https://pbs.twimg.com/media/EOe2uVgUwAAG1e4.jpg","url":"https://t.co/ppWJgdQYnZ","display_url":"pic.twitter.com/ppWJgdQYnZ","expanded_url":"https://twitter.com/CrappyDrawn/status/1218143144056766466/photo/1","type":"photo","sizes":{"thumb":{"w":150,"h":150,"resize":"crop"},"medium":{"w":1080,"h":1080,"resize":"fit"},"large":{"w":1080,"h":1080,"resize":"fit"},"small":{"w":680,"h":680,"resize":"fit"}}}]},"metadata":{"iso_language_code":"en","result_type":"recent"},"source":"<a href=\"http://twitter.com/download/android\" rel=\"nofollow\">Twitter for Android</a>","in_reply_to_status_id":null,"in_reply_to_status_id_str":null,"in_reply_to_user_id":null,"in_reply_to_user_id_str":null,"in_reply_to_screen_name":null,"user":{"id":1163509741299130400,"id_str":"1163509741299130368","name":"drawn pets","screen_name":"CrappyDrawn","location":"submit your crappy art in DMs.","description":"Draw a  pets  and submit it with the image you tried to draw!Don't own any content posted .DM for credit/removal.|Parody|","url":null,"entities":{"description":{"urls":[]}},"protected":false,"followers_count":22242,"friends_count":0,"listed_count":44,"created_at":"Mon Aug 19 17:55:30 +0000 2019","favourites_count":20,"utc_offset":null,"time_zone":null,"geo_enabled":false,"verified":false,"statuses_count":168,"lang":null,"contributors_enabled":false,"is_translator":false,"is_translation_enabled":false,"profile_background_color":"F5F8FA","profile_background_image_url":null,"profile_background_image_url_https":null,"profile_background_tile":false,"profile_image_url":"http://pbs.twimg.com/profile_images/1198860563473809409/XZ8_t6hw_normal.jpg","profile_image_url_https":"https://pbs.twimg.com/profile_images/1198860563473809409/XZ8_t6hw_normal.jpg","profile_banner_url":"https://pbs.twimg.com/profile_banners/1163509741299130368/1576583334","profile_link_color":"1DA1F2","profile_sidebar_border_color":"C0DEED","profile_sidebar_fill_color":"DDEEF6","profile_text_color":"333333","profile_use_background_image":true,"has_extended_profile":false,"default_profile":true,"default_profile_image":false,"following":false,"follow_request_sent":false,"notifications":false,"translator_type":"none"},"geo":null,"coordinates":null,"place":null,"contributors":null,"is_quote_status":false,"retweet_count":357,"favorite_count":1018,"favorited":false,"retweeted":false,"possibly_sensitive":false,"lang":"en"},"is_quote_status":false,"retweet_count":357,"favorite_count":0,"favorited":false,"retweeted":false,"possibly_sensitive":true,"lang":"en","from_query":"noodle"},{"_id":"5e21efe1a7825a1a83e43219","created_at":"2020-01-17T17:22:10.000Z","id":1218221991364382700,"id_str":"1218221991364382722","text":"2x spicy noodle gods have spoken: death by fiery 💩 poop","truncated":false,"entities":{"hashtags":[],"symbols":[],"user_mentions":[],"urls":[]},"metadata":{"iso_language_code":"en","result_type":"recent"},"source":"<a href=\"http://twitter.com/download/android\" rel=\"nofollow\">Twitter for Android</a>","in_reply_to_status_id":null,"in_reply_to_status_id_str":null,"in_reply_to_user_id":null,"in_reply_to_user_id_str":null,"in_reply_to_screen_name":null,"user":{"id":1202022787147276300,"id_str":"1202022787147276288","name":"Beverly Duran","screen_name":"Bevduran_","location":"","description":"Puffball of Justice. Activist. Dancer. Student. Lift. Eat. Anime.  🇩🇴🥑","url":null,"entities":{"description":{"urls":[]}},"protected":false,"followers_count":10,"friends_count":46,"listed_count":0,"created_at":"Wed Dec 04 00:32:32 +0000 2019","favourites_count":117,"utc_offset":null,"time_zone":null,"geo_enabled":false,"verified":false,"statuses_count":37,"lang":null,"contributors_enabled":false,"is_translator":false,"is_translation_enabled":false,"profile_background_color":"F5F8FA","profile_background_image_url":null,"profile_background_image_url_https":null,"profile_background_tile":false,"profile_image_url":"http://pbs.twimg.com/profile_images/1202023072498364428/dpGPxXtv_normal.jpg","profile_image_url_https":"https://pbs.twimg.com/profile_images/1202023072498364428/dpGPxXtv_normal.jpg","profile_banner_url":"https://pbs.twimg.com/profile_banners/1202022787147276288/1575558762","profile_link_color":"1DA1F2","profile_sidebar_border_color":"C0DEED","profile_sidebar_fill_color":"DDEEF6","profile_text_color":"333333","profile_use_background_image":true,"has_extended_profile":true,"default_profile":true,"default_profile_image":false,"following":false,"follow_request_sent":false,"notifications":false,"translator_type":"none"},"geo":null,"coordinates":null,"place":null,"contributors":null,"is_quote_status":false,"retweet_count":0,"favorite_count":0,"favorited":false,"retweeted":false,"lang":"en","from_query":"noodle"},{"_id":"5e21efe1a7825a1a83e43218","created_at":"2020-01-17T17:22:13.000Z","id":1218222001149575200,"id_str":"1218222001149575169","text":"RT @youngzae_23: She like her men skinny like a spaghetti noodle 🍝","truncated":false,"entities":{"hashtags":[],"symbols":[],"user_mentions":[{"screen_name":"youngzae_23","name":"El Choppo","id":1079829356820742100,"id_str":"1079829356820742144","indices":[3,15]}],"urls":[]},"metadata":{"iso_language_code":"en","result_type":"recent"},"source":"<a href=\"http://twitter.com/download/iphone\" rel=\"nofollow\">Twitter for iPhone</a>","in_reply_to_status_id":null,"in_reply_to_status_id_str":null,"in_reply_to_user_id":null,"in_reply_to_user_id_str":null,"in_reply_to_screen_name":null,"user":{"id":244332331,"id_str":"244332331","name":"vee. 🤞🏼💙","screen_name":"queenveesus","location":"nine trey seven.","description":"","url":null,"entities":{"description":{"urls":[]}},"protected":false,"followers_count":825,"friends_count":435,"listed_count":4,"created_at":"Sat Jan 29 02:26:33 +0000 2011","favourites_count":15176,"utc_offset":null,"time_zone":null,"geo_enabled":true,"verified":false,"statuses_count":34368,"lang":null,"contributors_enabled":false,"is_translator":false,"is_translation_enabled":false,"profile_background_color":"0A0A0A","profile_background_image_url":"http://abs.twimg.com/images/themes/theme1/bg.png","profile_background_image_url_https":"https://abs.twimg.com/images/themes/theme1/bg.png","profile_background_tile":true,"profile_image_url":"http://pbs.twimg.com/profile_images/1216787579871416320/5pDXx73l_normal.jpg","profile_image_url_https":"https://pbs.twimg.com/profile_images/1216787579871416320/5pDXx73l_normal.jpg","profile_banner_url":"https://pbs.twimg.com/profile_banners/244332331/1577733088","profile_link_color":"09E1F0","profile_sidebar_border_color":"000000","profile_sidebar_fill_color":"CAF53B","profile_text_color":"0ED7F2","profile_use_background_image":true,"has_extended_profile":true,"default_profile":false,"default_profile_image":false,"following":false,"follow_request_sent":false,"notifications":false,"translator_type":"none"},"geo":null,"coordinates":null,"place":null,"contributors":null,"retweeted_status":{"created_at":"Fri Jan 17 15:31:58 +0000 2020","id":1218194256055107600,"id_str":"1218194256055107584","text":"She like her men skinny like a spaghetti noodle 🍝","truncated":false,"entities":{"hashtags":[],"symbols":[],"user_mentions":[],"urls":[]},"metadata":{"iso_language_code":"en","result_type":"recent"},"source":"<a href=\"http://twitter.com/download/iphone\" rel=\"nofollow\">Twitter for iPhone</a>","in_reply_to_status_id":null,"in_reply_to_status_id_str":null,"in_reply_to_user_id":null,"in_reply_to_user_id_str":null,"in_reply_to_screen_name":null,"user":{"id":1079829356820742100,"id_str":"1079829356820742144","name":"El Choppo","screen_name":"youngzae_23","location":"Sleepin ","description":"Married to the money💸 ain’t never cheatin 🙅🏿‍♂️ CPHS ➡️ UW Madison. ➡️Business Administration","url":null,"entities":{"description":{"urls":[]}},"protected":false,"followers_count":588,"friends_count":458,"listed_count":0,"created_at":"Mon Dec 31 19:59:15 +0000 2018","favourites_count":4200,"utc_offset":null,"time_zone":null,"geo_enabled":false,"verified":false,"statuses_count":1748,"lang":null,"contributors_enabled":false,"is_translator":false,"is_translation_enabled":false,"profile_background_color":"F5F8FA","profile_background_image_url":null,"profile_background_image_url_https":null,"profile_background_tile":false,"profile_image_url":"http://pbs.twimg.com/profile_images/1193903776593305600/K6-ECJde_normal.jpg","profile_image_url_https":"https://pbs.twimg.com/profile_images/1193903776593305600/K6-ECJde_normal.jpg","profile_banner_url":"https://pbs.twimg.com/profile_banners/1079829356820742144/1563557938","profile_link_color":"1DA1F2","profile_sidebar_border_color":"C0DEED","profile_sidebar_fill_color":"DDEEF6","profile_text_color":"333333","profile_use_background_image":true,"has_extended_profile":false,"default_profile":true,"default_profile_image":false,"following":false,"follow_request_sent":false,"notifications":false,"translator_type":"none"},"geo":null,"coordinates":null,"place":null,"contributors":null,"is_quote_status":false,"retweet_count":1,"favorite_count":2,"favorited":false,"retweeted":false,"lang":"en"},"is_quote_status":false,"retweet_count":1,"favorite_count":0,"favorited":false,"retweeted":false,"lang":"en","from_query":"noodle"},{"_id":"5e21efe1a7825a1a83e43217","created_at":"2020-01-17T17:22:15.000Z","id":1218222012860117000,"id_str":"1218222012860116993","text":"RT @PkmnShitPost: This battle gave me nightmares https://t.co/D75TciaiFl","truncated":false,"entities":{"hashtags":[],"symbols":[],"user_mentions":[{"screen_name":"PkmnShitPost","name":"Pokemon Shitpost","id":1164261704722608000,"id_str":"1164261704722608129","indices":[3,16]}],"urls":[],"media":[{"id":1217818070988705800,"id_str":"1217818070988705794","indices":[49,72],"media_url":"http://pbs.twimg.com/media/EOaPFVJVUAIDuzC.jpg","media_url_https":"https://pbs.twimg.com/media/EOaPFVJVUAIDuzC.jpg","url":"https://t.co/D75TciaiFl","display_url":"pic.twitter.com/D75TciaiFl","expanded_url":"https://twitter.com/PkmnShitPost/status/1217818081780568064/photo/1","type":"photo","sizes":{"thumb":{"w":150,"h":150,"resize":"crop"},"large":{"w":750,"h":498,"resize":"fit"},"medium":{"w":750,"h":498,"resize":"fit"},"small":{"w":680,"h":452,"resize":"fit"}},"source_status_id":1217818081780568000,"source_status_id_str":"1217818081780568064","source_user_id":1164261704722608000,"source_user_id_str":"1164261704722608129"}]},"extended_entities":{"media":[{"id":1217818070988705800,"id_str":"1217818070988705794","indices":[49,72],"media_url":"http://pbs.twimg.com/media/EOaPFVJVUAIDuzC.jpg","media_url_https":"https://pbs.twimg.com/media/EOaPFVJVUAIDuzC.jpg","url":"https://t.co/D75TciaiFl","display_url":"pic.twitter.com/D75TciaiFl","expanded_url":"https://twitter.com/PkmnShitPost/status/1217818081780568064/photo/1","type":"photo","sizes":{"thumb":{"w":150,"h":150,"resize":"crop"},"large":{"w":750,"h":498,"resize":"fit"},"medium":{"w":750,"h":498,"resize":"fit"},"small":{"w":680,"h":452,"resize":"fit"}},"source_status_id":1217818081780568000,"source_status_id_str":"1217818081780568064","source_user_id":1164261704722608000,"source_user_id_str":"1164261704722608129"}]},"metadata":{"iso_language_code":"en","result_type":"recent"},"source":"<a href=\"http://twitter.com/download/iphone\" rel=\"nofollow\">Twitter for iPhone</a>","in_reply_to_status_id":null,"in_reply_to_status_id_str":null,"in_reply_to_user_id":null,"in_reply_to_user_id_str":null,"in_reply_to_screen_name":null,"user":{"id":1179448981165924400,"id_str":"1179448981165924354","name":"mika","screen_name":"cowardly_noodle","location":"","description":"lvl. 17 | a rat |💖💜💙| Bâbüshkå of The Pūntch | i do art sometimes |","url":null,"entities":{"description":{"urls":[]}},"protected":false,"followers_count":132,"friends_count":453,"listed_count":5,"created_at":"Wed Oct 02 17:32:24 +0000 2019","favourites_count":48321,"utc_offset":null,"time_zone":null,"geo_enabled":false,"verified":false,"statuses_count":14323,"lang":null,"contributors_enabled":false,"is_translator":false,"is_translation_enabled":false,"profile_background_color":"F5F8FA","profile_background_image_url":null,"profile_background_image_url_https":null,"profile_background_tile":false,"profile_image_url":"http://pbs.twimg.com/profile_images/1214712189690363904/NZbhl-nU_normal.jpg","profile_image_url_https":"https://pbs.twimg.com/profile_images/1214712189690363904/NZbhl-nU_normal.jpg","profile_banner_url":"https://pbs.twimg.com/profile_banners/1179448981165924354/1578870778","profile_link_color":"1DA1F2","profile_sidebar_border_color":"C0DEED","profile_sidebar_fill_color":"DDEEF6","profile_text_color":"333333","profile_use_background_image":true,"has_extended_profile":false,"default_profile":true,"default_profile_image":false,"following":false,"follow_request_sent":false,"notifications":false,"translator_type":"none"},"geo":null,"coordinates":null,"place":null,"contributors":null,"retweeted_status":{"created_at":"Thu Jan 16 14:37:11 +0000 2020","id":1217818081780568000,"id_str":"1217818081780568064","text":"This battle gave me nightmares https://t.co/D75TciaiFl","truncated":false,"entities":{"hashtags":[],"symbols":[],"user_mentions":[],"urls":[],"media":[{"id":1217818070988705800,"id_str":"1217818070988705794","indices":[31,54],"media_url":"http://pbs.twimg.com/media/EOaPFVJVUAIDuzC.jpg","media_url_https":"https://pbs.twimg.com/media/EOaPFVJVUAIDuzC.jpg","url":"https://t.co/D75TciaiFl","display_url":"pic.twitter.com/D75TciaiFl","expanded_url":"https://twitter.com/PkmnShitPost/status/1217818081780568064/photo/1","type":"photo","sizes":{"thumb":{"w":150,"h":150,"resize":"crop"},"large":{"w":750,"h":498,"resize":"fit"},"medium":{"w":750,"h":498,"resize":"fit"},"small":{"w":680,"h":452,"resize":"fit"}}}]},"extended_entities":{"media":[{"id":1217818070988705800,"id_str":"1217818070988705794","indices":[31,54],"media_url":"http://pbs.twimg.com/media/EOaPFVJVUAIDuzC.jpg","media_url_https":"https://pbs.twimg.com/media/EOaPFVJVUAIDuzC.jpg","url":"https://t.co/D75TciaiFl","display_url":"pic.twitter.com/D75TciaiFl","expanded_url":"https://twitter.com/PkmnShitPost/status/1217818081780568064/photo/1","type":"photo","sizes":{"thumb":{"w":150,"h":150,"resize":"crop"},"large":{"w":750,"h":498,"resize":"fit"},"medium":{"w":750,"h":498,"resize":"fit"},"small":{"w":680,"h":452,"resize":"fit"}}}]},"metadata":{"iso_language_code":"en","result_type":"recent"},"source":"<a href=\"http://twitter.com/download/iphone\" rel=\"nofollow\">Twitter for iPhone</a>","in_reply_to_status_id":null,"in_reply_to_status_id_str":null,"in_reply_to_user_id":null,"in_reply_to_user_id_str":null,"in_reply_to_screen_name":null,"user":{"id":1164261704722608000,"id_str":"1164261704722608129","name":"Pokemon Shitpost","screen_name":"PkmnShitPost","location":"Distortion World","description":"✨Fan Account Dedicated To Pokemon Memes/ Bootlegs & NPC Dialogue ✨ Message Me Cool Pokemon Stuff & I’ll Tag You!","url":null,"entities":{"description":{"urls":[]}},"protected":false,"followers_count":11449,"friends_count":346,"listed_count":11,"created_at":"Wed Aug 21 19:43:24 +0000 2019","favourites_count":74187,"utc_offset":null,"time_zone":null,"geo_enabled":false,"verified":false,"statuses_count":747,"lang":null,"contributors_enabled":false,"is_translator":false,"is_translation_enabled":false,"profile_background_color":"F5F8FA","profile_background_image_url":null,"profile_background_image_url_https":null,"profile_background_tile":false,"profile_image_url":"http://pbs.twimg.com/profile_images/1213550392090513410/diOACoCA_normal.jpg","profile_image_url_https":"https://pbs.twimg.com/profile_images/1213550392090513410/diOACoCA_normal.jpg","profile_banner_url":"https://pbs.twimg.com/profile_banners/1164261704722608129/1577897866","profile_link_color":"1DA1F2","profile_sidebar_border_color":"C0DEED","profile_sidebar_fill_color":"DDEEF6","profile_text_color":"333333","profile_use_background_image":true,"has_extended_profile":false,"default_profile":true,"default_profile_image":false,"following":false,"follow_request_sent":false,"notifications":false,"translator_type":"none"},"geo":null,"coordinates":null,"place":null,"contributors":null,"is_quote_status":false,"retweet_count":953,"favorite_count":4870,"favorited":false,"retweeted":false,"possibly_sensitive":false,"lang":"en"},"is_quote_status":false,"retweet_count":953,"favorite_count":0,"favorited":false,"retweeted":false,"possibly_sensitive":false,"lang":"en","from_query":"noodle"},{"_id":"5e21efe1a7825a1a83e43216","created_at":"2020-01-17T17:22:18.000Z","id":1218222023392014300,"id_str":"1218222023392014337","text":"RT @BigHitEnt: j-hope 'Chicken Noodle Soup (feat. Becky G)' Music Video Out Now\n(https://t.co/Tdzrc2b9q5)\n\n#jhope #BeckyG #ChickenNoodleSou…","truncated":false,"entities":{"hashtags":[{"text":"jhope","indices":[107,113]},{"text":"BeckyG","indices":[114,121]}],"symbols":[],"user_mentions":[{"screen_name":"BigHitEnt","name":"BigHit Entertainment","id":168683422,"id_str":"168683422","indices":[3,13]}],"urls":[{"url":"https://t.co/Tdzrc2b9q5","expanded_url":"https://youtu.be/i23NEQEFpgQ","display_url":"youtu.be/i23NEQEFpgQ","indices":[81,104]}]},"metadata":{"iso_language_code":"en","result_type":"recent"},"source":"<a href=\"http://twitter.com/download/iphone\" rel=\"nofollow\">Twitter for iPhone</a>","in_reply_to_status_id":null,"in_reply_to_status_id_str":null,"in_reply_to_user_id":null,"in_reply_to_user_id_str":null,"in_reply_to_screen_name":null,"user":{"id":1218218968630071300,"id_str":"1218218968630071296","name":"Anna💜BTS","screen_name":"AnnaBTS86769272","location":"","description":"Albania","url":null,"entities":{"description":{"urls":[]}},"protected":false,"followers_count":0,"friends_count":3,"listed_count":0,"created_at":"Fri Jan 17 17:10:19 +0000 2020","favourites_count":231,"utc_offset":null,"time_zone":null,"geo_enabled":false,"verified":false,"statuses_count":22,"lang":null,"contributors_enabled":false,"is_translator":false,"is_translation_enabled":false,"profile_background_color":"F5F8FA","profile_background_image_url":null,"profile_background_image_url_https":null,"profile_background_tile":false,"profile_image_url":"http://pbs.twimg.com/profile_images/1218219049601073153/pu4KIO9E_normal.jpg","profile_image_url_https":"https://pbs.twimg.com/profile_images/1218219049601073153/pu4KIO9E_normal.jpg","profile_link_color":"1DA1F2","profile_sidebar_border_color":"C0DEED","profile_sidebar_fill_color":"DDEEF6","profile_text_color":"333333","profile_use_background_image":true,"has_extended_profile":false,"default_profile":true,"default_profile_image":false,"following":false,"follow_request_sent":false,"notifications":false,"translator_type":"none"},"geo":null,"coordinates":null,"place":null,"contributors":null,"retweeted_status":{"created_at":"Fri Sep 27 09:00:12 +0000 2019","id":1177508223475077000,"id_str":"1177508223475077121","text":"j-hope 'Chicken Noodle Soup (feat. Becky G)' Music Video Out Now\n(https://t.co/Tdzrc2b9q5)\n\n#jhope #BeckyG #ChickenNoodleSoup #CNS","truncated":false,"entities":{"hashtags":[{"text":"jhope","indices":[92,98]},{"text":"BeckyG","indices":[99,106]},{"text":"ChickenNoodleSoup","indices":[107,125]},{"text":"CNS","indices":[126,130]}],"symbols":[],"user_mentions":[],"urls":[{"url":"https://t.co/Tdzrc2b9q5","expanded_url":"https://youtu.be/i23NEQEFpgQ","display_url":"youtu.be/i23NEQEFpgQ","indices":[66,89]}]},"metadata":{"iso_language_code":"en","result_type":"recent"},"source":"<a href=\"https://mobile.twitter.com\" rel=\"nofollow\">Twitter Web App</a>","in_reply_to_status_id":null,"in_reply_to_status_id_str":null,"in_reply_to_user_id":null,"in_reply_to_user_id_str":null,"in_reply_to_screen_name":null,"user":{"id":168683422,"id_str":"168683422","name":"BigHit Entertainment","screen_name":"BigHitEnt","location":"Seoul, Korea","description":"안녕하세요 빅히트 엔터테인먼트 입니다. Facebook : https://t.co/iSxPWiYTnM","url":"https://t.co/CyzKyX20Nn","entities":{"url":{"urls":[{"url":"https://t.co/CyzKyX20Nn","expanded_url":"http://www.bighitcorp.com","display_url":"bighitcorp.com","indices":[0,23]}]},"description":{"urls":[{"url":"https://t.co/iSxPWiYTnM","expanded_url":"http://facebook.com/ibighit","display_url":"facebook.com/ibighit","indices":[33,56]}]}},"protected":false,"followers_count":12324724,"friends_count":26,"listed_count":14258,"created_at":"Tue Jul 20 14:40:33 +0000 2010","favourites_count":6,"utc_offset":null,"time_zone":null,"geo_enabled":false,"verified":true,"statuses_count":5854,"lang":null,"contributors_enabled":false,"is_translator":false,"is_translation_enabled":false,"profile_background_color":"FFEDBF","profile_background_image_url":"http://abs.twimg.com/images/themes/theme1/bg.png","profile_background_image_url_https":"https://abs.twimg.com/images/themes/theme1/bg.png","profile_background_tile":false,"profile_image_url":"http://pbs.twimg.com/profile_images/792969378828398592/2g1Delza_normal.jpg","profile_image_url_https":"https://pbs.twimg.com/profile_images/792969378828398592/2g1Delza_normal.jpg","profile_banner_url":"https://pbs.twimg.com/profile_banners/168683422/1477893608","profile_link_color":"C90404","profile_sidebar_border_color":"FFFFFF","profile_sidebar_fill_color":"C1C6F5","profile_text_color":"383738","profile_use_background_image":false,"has_extended_profile":false,"default_profile":false,"default_profile_image":false,"following":false,"follow_request_sent":false,"notifications":false,"translator_type":"none"},"geo":null,"coordinates":null,"place":null,"contributors":null,"is_quote_status":false,"retweet_count":258651,"favorite_count":801311,"favorited":false,"retweeted":false,"possibly_sensitive":false,"lang":"en"},"is_quote_status":false,"retweet_count":258651,"favorite_count":0,"favorited":false,"retweeted":false,"possibly_sensitive":false,"lang":"en","from_query":"noodle"},{"_id":"5e21efe1a7825a1a83e43215","created_at":"2020-01-17T17:22:20.000Z","id":1218222032284016600,"id_str":"1218222032284016640","text":"RT @BigHitEnt: j-hope - 'Chicken Noodle Soup (feat. Becky G)' Download\n#jhope #BeckyG #ChickenNoodleSoup #CNS\n\nGoogle: \nhttps://t.co/IpJZpS…","truncated":false,"entities":{"hashtags":[{"text":"jhope","indices":[71,77]},{"text":"BeckyG","indices":[78,85]},{"text":"ChickenNoodleSoup","indices":[86,104]},{"text":"CNS","indices":[105,109]}],"symbols":[],"user_mentions":[{"screen_name":"BigHitEnt","name":"BigHit Entertainment","id":168683422,"id_str":"168683422","indices":[3,13]}],"urls":[]},"metadata":{"iso_language_code":"en","result_type":"recent"},"source":"<a href=\"http://twitter.com/download/iphone\" rel=\"nofollow\">Twitter for iPhone</a>","in_reply_to_status_id":null,"in_reply_to_status_id_str":null,"in_reply_to_user_id":null,"in_reply_to_user_id_str":null,"in_reply_to_screen_name":null,"user":{"id":1218218968630071300,"id_str":"1218218968630071296","name":"Anna💜BTS","screen_name":"AnnaBTS86769272","location":"","description":"Albania","url":null,"entities":{"description":{"urls":[]}},"protected":false,"followers_count":0,"friends_count":3,"listed_count":0,"created_at":"Fri Jan 17 17:10:19 +0000 2020","favourites_count":231,"utc_offset":null,"time_zone":null,"geo_enabled":false,"verified":false,"statuses_count":22,"lang":null,"contributors_enabled":false,"is_translator":false,"is_translation_enabled":false,"profile_background_color":"F5F8FA","profile_background_image_url":null,"profile_background_image_url_https":null,"profile_background_tile":false,"profile_image_url":"http://pbs.twimg.com/profile_images/1218219049601073153/pu4KIO9E_normal.jpg","profile_image_url_https":"https://pbs.twimg.com/profile_images/1218219049601073153/pu4KIO9E_normal.jpg","profile_link_color":"1DA1F2","profile_sidebar_border_color":"C0DEED","profile_sidebar_fill_color":"DDEEF6","profile_text_color":"333333","profile_use_background_image":true,"has_extended_profile":false,"default_profile":true,"default_profile_image":false,"following":false,"follow_request_sent":false,"notifications":false,"translator_type":"none"},"geo":null,"coordinates":null,"place":null,"contributors":null,"retweeted_status":{"created_at":"Fri Sep 27 09:01:15 +0000 2019","id":1177508487170932700,"id_str":"1177508487170932736","text":"j-hope - 'Chicken Noodle Soup (feat. Becky G)' Download\n#jhope #BeckyG #ChickenNoodleSoup #CNS\n\nGoogle:… https://t.co/pKplV9BPdS","truncated":true,"entities":{"hashtags":[{"text":"jhope","indices":[56,62]},{"text":"BeckyG","indices":[63,70]},{"text":"ChickenNoodleSoup","indices":[71,89]},{"text":"CNS","indices":[90,94]}],"symbols":[],"user_mentions":[],"urls":[{"url":"https://t.co/pKplV9BPdS","expanded_url":"https://twitter.com/i/web/status/1177508487170932736","display_url":"twitter.com/i/web/status/1…","indices":[105,128]}]},"metadata":{"iso_language_code":"en","result_type":"recent"},"source":"<a href=\"https://mobile.twitter.com\" rel=\"nofollow\">Twitter Web App</a>","in_reply_to_status_id":null,"in_reply_to_status_id_str":null,"in_reply_to_user_id":null,"in_reply_to_user_id_str":null,"in_reply_to_screen_name":null,"user":{"id":168683422,"id_str":"168683422","name":"BigHit Entertainment","screen_name":"BigHitEnt","location":"Seoul, Korea","description":"안녕하세요 빅히트 엔터테인먼트 입니다. Facebook : https://t.co/iSxPWiYTnM","url":"https://t.co/CyzKyX20Nn","entities":{"url":{"urls":[{"url":"https://t.co/CyzKyX20Nn","expanded_url":"http://www.bighitcorp.com","display_url":"bighitcorp.com","indices":[0,23]}]},"description":{"urls":[{"url":"https://t.co/iSxPWiYTnM","expanded_url":"http://facebook.com/ibighit","display_url":"facebook.com/ibighit","indices":[33,56]}]}},"protected":false,"followers_count":12324724,"friends_count":26,"listed_count":14258,"created_at":"Tue Jul 20 14:40:33 +0000 2010","favourites_count":6,"utc_offset":null,"time_zone":null,"geo_enabled":false,"verified":true,"statuses_count":5854,"lang":null,"contributors_enabled":false,"is_translator":false,"is_translation_enabled":false,"profile_background_color":"FFEDBF","profile_background_image_url":"http://abs.twimg.com/images/themes/theme1/bg.png","profile_background_image_url_https":"https://abs.twimg.com/images/themes/theme1/bg.png","profile_background_tile":false,"profile_image_url":"http://pbs.twimg.com/profile_images/792969378828398592/2g1Delza_normal.jpg","profile_image_url_https":"https://pbs.twimg.com/profile_images/792969378828398592/2g1Delza_normal.jpg","profile_banner_url":"https://pbs.twimg.com/profile_banners/168683422/1477893608","profile_link_color":"C90404","profile_sidebar_border_color":"FFFFFF","profile_sidebar_fill_color":"C1C6F5","profile_text_color":"383738","profile_use_background_image":false,"has_extended_profile":false,"default_profile":false,"default_profile_image":false,"following":false,"follow_request_sent":false,"notifications":false,"translator_type":"none"},"geo":null,"coordinates":null,"place":null,"contributors":null,"is_quote_status":false,"retweet_count":210938,"favorite_count":771931,"favorited":false,"retweeted":false,"possibly_sensitive":false,"lang":"en"},"is_quote_status":false,"retweet_count":210938,"favorite_count":0,"favorited":false,"retweeted":false,"lang":"en","from_query":"noodle"},{"_id":"5e21efe1a7825a1a83e43214","created_at":"2020-01-17T17:22:21.000Z","id":1218222034963972000,"id_str":"1218222034963972096","text":"@O_Sh_hansome_12 ㅋㅋㅋㅌㅌㅋㅋㅋㅋㅋ뭐야 잠 안오니 ...?","truncated":false,"entities":{"hashtags":[],"symbols":[],"user_mentions":[{"screen_name":"O_Sh_hansome_12","name":"백르","id":1212378709023314000,"id_str":"1212378709023313921","indices":[0,16]}],"urls":[]},"metadata":{"result_type":"recent","iso_language_code":"ko"},"source":"<a href=\"http://twitter.com/download/iphone\" rel=\"nofollow\">Twitter for iPhone</a>","in_reply_to_status_id":1218221878159933400,"in_reply_to_status_id_str":"1218221878159933440","in_reply_to_user_id":1212378709023314000,"in_reply_to_user_id_str":"1212378709023313921","in_reply_to_screen_name":"O_Sh_hansome_12","user":{"id":1087750675612594200,"id_str":"1087750675612594177","name":"먐 공부할거임 말리지마","screen_name":"noodle__S2","location":"","description":"8인","url":null,"entities":{"description":{"urls":[]}},"protected":false,"followers_count":207,"friends_count":254,"listed_count":0,"created_at":"Tue Jan 22 16:35:45 +0000 2019","favourites_count":931,"utc_offset":null,"time_zone":null,"geo_enabled":false,"verified":false,"statuses_count":3357,"lang":null,"contributors_enabled":false,"is_translator":false,"is_translation_enabled":false,"profile_background_color":"F5F8FA","profile_background_image_url":null,"profile_background_image_url_https":null,"profile_background_tile":false,"profile_image_url":"http://pbs.twimg.com/profile_images/1217797965349187587/_He86nt8_normal.jpg","profile_image_url_https":"https://pbs.twimg.com/profile_images/1217797965349187587/_He86nt8_normal.jpg","profile_banner_url":"https://pbs.twimg.com/profile_banners/1087750675612594177/1579180667","profile_link_color":"1DA1F2","profile_sidebar_border_color":"C0DEED","profile_sidebar_fill_color":"DDEEF6","profile_text_color":"333333","profile_use_background_image":true,"has_extended_profile":false,"default_profile":true,"default_profile_image":false,"following":false,"follow_request_sent":false,"notifications":false,"translator_type":"none"},"geo":null,"coordinates":null,"place":null,"contributors":null,"is_quote_status":false,"retweet_count":0,"favorite_count":0,"favorited":false,"retweeted":false,"lang":"ko","from_query":"noodle"},{"_id":"5e21efe1a7825a1a83e43213","created_at":"2020-01-17T17:22:23.000Z","id":1218222043449249800,"id_str":"1218222043449249793","text":"RT @BigHitEnt: j-hope - 'Chicken Noodle Soup (feat. Becky G)' available on\n#jhope #BeckyG #ChickenNoodleSoup #CNS\n\nSoundCloud: https://t.co…","truncated":false,"entities":{"hashtags":[{"text":"jhope","indices":[75,81]},{"text":"BeckyG","indices":[82,89]},{"text":"ChickenNoodleSoup","indices":[90,108]},{"text":"CNS","indices":[109,113]}],"symbols":[],"user_mentions":[{"screen_name":"BigHitEnt","name":"BigHit Entertainment","id":168683422,"id_str":"168683422","indices":[3,13]}],"urls":[]},"metadata":{"iso_language_code":"en","result_type":"recent"},"source":"<a href=\"http://twitter.com/download/iphone\" rel=\"nofollow\">Twitter for iPhone</a>","in_reply_to_status_id":null,"in_reply_to_status_id_str":null,"in_reply_to_user_id":null,"in_reply_to_user_id_str":null,"in_reply_to_screen_name":null,"user":{"id":1218218968630071300,"id_str":"1218218968630071296","name":"Anna💜BTS","screen_name":"AnnaBTS86769272","location":"","description":"Albania","url":null,"entities":{"description":{"urls":[]}},"protected":false,"followers_count":0,"friends_count":3,"listed_count":0,"created_at":"Fri Jan 17 17:10:19 +0000 2020","favourites_count":231,"utc_offset":null,"time_zone":null,"geo_enabled":false,"verified":false,"statuses_count":22,"lang":null,"contributors_enabled":false,"is_translator":false,"is_translation_enabled":false,"profile_background_color":"F5F8FA","profile_background_image_url":null,"profile_background_image_url_https":null,"profile_background_tile":false,"profile_image_url":"http://pbs.twimg.com/profile_images/1218219049601073153/pu4KIO9E_normal.jpg","profile_image_url_https":"https://pbs.twimg.com/profile_images/1218219049601073153/pu4KIO9E_normal.jpg","profile_link_color":"1DA1F2","profile_sidebar_border_color":"C0DEED","profile_sidebar_fill_color":"DDEEF6","profile_text_color":"333333","profile_use_background_image":true,"has_extended_profile":false,"default_profile":true,"default_profile_image":false,"following":false,"follow_request_sent":false,"notifications":false,"translator_type":"none"},"geo":null,"coordinates":null,"place":null,"contributors":null,"retweeted_status":{"created_at":"Fri Sep 27 09:02:27 +0000 2019","id":1177508790796578800,"id_str":"1177508790796578816","text":"j-hope - 'Chicken Noodle Soup (feat. Becky G)' available on\n#jhope #BeckyG #ChickenNoodleSoup #CNS\n\nSoundCloud:… https://t.co/SnLykdGL4y","truncated":true,"entities":{"hashtags":[{"text":"jhope","indices":[60,66]},{"text":"BeckyG","indices":[67,74]},{"text":"ChickenNoodleSoup","indices":[75,93]},{"text":"CNS","indices":[94,98]}],"symbols":[],"user_mentions":[],"urls":[{"url":"https://t.co/SnLykdGL4y","expanded_url":"https://twitter.com/i/web/status/1177508790796578816","display_url":"twitter.com/i/web/status/1…","indices":[113,136]}]},"metadata":{"iso_language_code":"en","result_type":"recent"},"source":"<a href=\"https://mobile.twitter.com\" rel=\"nofollow\">Twitter Web App</a>","in_reply_to_status_id":null,"in_reply_to_status_id_str":null,"in_reply_to_user_id":null,"in_reply_to_user_id_str":null,"in_reply_to_screen_name":null,"user":{"id":168683422,"id_str":"168683422","name":"BigHit Entertainment","screen_name":"BigHitEnt","location":"Seoul, Korea","description":"안녕하세요 빅히트 엔터테인먼트 입니다. Facebook : https://t.co/iSxPWiYTnM","url":"https://t.co/CyzKyX20Nn","entities":{"url":{"urls":[{"url":"https://t.co/CyzKyX20Nn","expanded_url":"http://www.bighitcorp.com","display_url":"bighitcorp.com","indices":[0,23]}]},"description":{"urls":[{"url":"https://t.co/iSxPWiYTnM","expanded_url":"http://facebook.com/ibighit","display_url":"facebook.com/ibighit","indices":[33,56]}]}},"protected":false,"followers_count":12324724,"friends_count":26,"listed_count":14258,"created_at":"Tue Jul 20 14:40:33 +0000 2010","favourites_count":6,"utc_offset":null,"time_zone":null,"geo_enabled":false,"verified":true,"statuses_count":5854,"lang":null,"contributors_enabled":false,"is_translator":false,"is_translation_enabled":false,"profile_background_color":"FFEDBF","profile_background_image_url":"http://abs.twimg.com/images/themes/theme1/bg.png","profile_background_image_url_https":"https://abs.twimg.com/images/themes/theme1/bg.png","profile_background_tile":false,"profile_image_url":"http://pbs.twimg.com/profile_images/792969378828398592/2g1Delza_normal.jpg","profile_image_url_https":"https://pbs.twimg.com/profile_images/792969378828398592/2g1Delza_normal.jpg","profile_banner_url":"https://pbs.twimg.com/profile_banners/168683422/1477893608","profile_link_color":"C90404","profile_sidebar_border_color":"FFFFFF","profile_sidebar_fill_color":"C1C6F5","profile_text_color":"383738","profile_use_background_image":false,"has_extended_profile":false,"default_profile":false,"default_profile_image":false,"following":false,"follow_request_sent":false,"notifications":false,"translator_type":"none"},"geo":null,"coordinates":null,"place":null,"contributors":null,"is_quote_status":false,"retweet_count":296918,"favorite_count":938085,"favorited":false,"retweeted":false,"possibly_sensitive":false,"lang":"en"},"is_quote_status":false,"retweet_count":296918,"favorite_count":0,"favorited":false,"retweeted":false,"possibly_sensitive":false,"lang":"en","from_query":"noodle"},{"_id":"5e21efe1a7825a1a83e43212","created_at":"2020-01-17T17:22:29.000Z","id":1218222070120796200,"id_str":"1218222070120796160","text":"RT @bts_bighit: #jhope &lt;Chicken Noodle Soup (feat. Becky G)&gt; MV Sketch\nMore photos @ (https://t.co/FYK528MADp) https://t.co/PbqCNSWB3w","truncated":false,"entities":{"hashtags":[{"text":"jhope","indices":[16,22]}],"symbols":[],"user_mentions":[{"screen_name":"bts_bighit","name":"BTS_official","id":1409798257,"id_str":"1409798257","indices":[3,14]}],"urls":[{"url":"https://t.co/FYK528MADp","expanded_url":"https://web.facebook.com/pg/bangtan.official/photos/?tab=album&album_id=3003916252956950","display_url":"web.facebook.com/pg/bangtan.off…","indices":[92,115]}],"media":[{"id":1177870673445712000,"id_str":"1177870673445711872","indices":[117,140],"media_url":"http://pbs.twimg.com/media/EFijIwoU8AAQ9V_.jpg","media_url_https":"https://pbs.twimg.com/media/EFijIwoU8AAQ9V_.jpg","url":"https://t.co/PbqCNSWB3w","display_url":"pic.twitter.com/PbqCNSWB3w","expanded_url":"https://twitter.com/bts_bighit/status/1177870690571079681/photo/1","type":"photo","sizes":{"thumb":{"w":150,"h":150,"resize":"crop"},"large":{"w":2000,"h":1333,"resize":"fit"},"small":{"w":680,"h":453,"resize":"fit"},"medium":{"w":1200,"h":800,"resize":"fit"}},"source_status_id":1177870690571079700,"source_status_id_str":"1177870690571079681","source_user_id":1409798257,"source_user_id_str":"1409798257"}]},"extended_entities":{"media":[{"id":1177870673445712000,"id_str":"1177870673445711872","indices":[117,140],"media_url":"http://pbs.twimg.com/media/EFijIwoU8AAQ9V_.jpg","media_url_https":"https://pbs.twimg.com/media/EFijIwoU8AAQ9V_.jpg","url":"https://t.co/PbqCNSWB3w","display_url":"pic.twitter.com/PbqCNSWB3w","expanded_url":"https://twitter.com/bts_bighit/status/1177870690571079681/photo/1","type":"photo","sizes":{"thumb":{"w":150,"h":150,"resize":"crop"},"large":{"w":2000,"h":1333,"resize":"fit"},"small":{"w":680,"h":453,"resize":"fit"},"medium":{"w":1200,"h":800,"resize":"fit"}},"source_status_id":1177870690571079700,"source_status_id_str":"1177870690571079681","source_user_id":1409798257,"source_user_id_str":"1409798257"},{"id":1177870673424744400,"id_str":"1177870673424744454","indices":[117,140],"media_url":"http://pbs.twimg.com/media/EFijIwjVAAYbOU9.jpg","media_url_https":"https://pbs.twimg.com/media/EFijIwjVAAYbOU9.jpg","url":"https://t.co/PbqCNSWB3w","display_url":"pic.twitter.com/PbqCNSWB3w","expanded_url":"https://twitter.com/bts_bighit/status/1177870690571079681/photo/1","type":"photo","sizes":{"thumb":{"w":150,"h":150,"resize":"crop"},"large":{"w":1333,"h":2000,"resize":"fit"},"medium":{"w":800,"h":1200,"resize":"fit"},"small":{"w":453,"h":680,"resize":"fit"}},"source_status_id":1177870690571079700,"source_status_id_str":"1177870690571079681","source_user_id":1409798257,"source_user_id_str":"1409798257"},{"id":1177870673420546000,"id_str":"1177870673420546048","indices":[117,140],"media_url":"http://pbs.twimg.com/media/EFijIwiU8AAXOOx.jpg","media_url_https":"https://pbs.twimg.com/media/EFijIwiU8AAXOOx.jpg","url":"https://t.co/PbqCNSWB3w","display_url":"pic.twitter.com/PbqCNSWB3w","expanded_url":"https://twitter.com/bts_bighit/status/1177870690571079681/photo/1","type":"photo","sizes":{"thumb":{"w":150,"h":150,"resize":"crop"},"large":{"w":2000,"h":1333,"resize":"fit"},"small":{"w":680,"h":453,"resize":"fit"},"medium":{"w":1200,"h":800,"resize":"fit"}},"source_status_id":1177870690571079700,"source_status_id_str":"1177870690571079681","source_user_id":1409798257,"source_user_id_str":"1409798257"},{"id":1177870673420513300,"id_str":"1177870673420513280","indices":[117,140],"media_url":"http://pbs.twimg.com/media/EFijIwiUcAAJKIC.jpg","media_url_https":"https://pbs.twimg.com/media/EFijIwiUcAAJKIC.jpg","url":"https://t.co/PbqCNSWB3w","display_url":"pic.twitter.com/PbqCNSWB3w","expanded_url":"https://twitter.com/bts_bighit/status/1177870690571079681/photo/1","type":"photo","sizes":{"thumb":{"w":150,"h":150,"resize":"crop"},"small":{"w":680,"h":453,"resize":"fit"},"medium":{"w":1200,"h":800,"resize":"fit"},"large":{"w":2000,"h":1333,"resize":"fit"}},"source_status_id":1177870690571079700,"source_status_id_str":"1177870690571079681","source_user_id":1409798257,"source_user_id_str":"1409798257"}]},"metadata":{"iso_language_code":"en","result_type":"recent"},"source":"<a href=\"http://twitter.com/download/iphone\" rel=\"nofollow\">Twitter for iPhone</a>","in_reply_to_status_id":null,"in_reply_to_status_id_str":null,"in_reply_to_user_id":null,"in_reply_to_user_id_str":null,"in_reply_to_screen_name":null,"user":{"id":1218218968630071300,"id_str":"1218218968630071296","name":"Anna💜BTS","screen_name":"AnnaBTS86769272","location":"","description":"Albania","url":null,"entities":{"description":{"urls":[]}},"protected":false,"followers_count":0,"friends_count":3,"listed_count":0,"created_at":"Fri Jan 17 17:10:19 +0000 2020","favourites_count":231,"utc_offset":null,"time_zone":null,"geo_enabled":false,"verified":false,"statuses_count":22,"lang":null,"contributors_enabled":false,"is_translator":false,"is_translation_enabled":false,"profile_background_color":"F5F8FA","profile_background_image_url":null,"profile_background_image_url_https":null,"profile_background_tile":false,"profile_image_url":"http://pbs.twimg.com/profile_images/1218219049601073153/pu4KIO9E_normal.jpg","profile_image_url_https":"https://pbs.twimg.com/profile_images/1218219049601073153/pu4KIO9E_normal.jpg","profile_link_color":"1DA1F2","profile_sidebar_border_color":"C0DEED","profile_sidebar_fill_color":"DDEEF6","profile_text_color":"333333","profile_use_background_image":true,"has_extended_profile":false,"default_profile":true,"default_profile_image":false,"following":false,"follow_request_sent":false,"notifications":false,"translator_type":"none"},"geo":null,"coordinates":null,"place":null,"contributors":null,"retweeted_status":{"created_at":"Sat Sep 28 09:00:31 +0000 2019","id":1177870690571079700,"id_str":"1177870690571079681","text":"#jhope &lt;Chicken Noodle Soup (feat. Becky G)&gt; MV Sketch\nMore photos @ (https://t.co/FYK528MADp) https://t.co/PbqCNSWB3w","truncated":false,"entities":{"hashtags":[{"text":"jhope","indices":[0,6]}],"symbols":[],"user_mentions":[],"urls":[{"url":"https://t.co/FYK528MADp","expanded_url":"https://web.facebook.com/pg/bangtan.official/photos/?tab=album&album_id=3003916252956950","display_url":"web.facebook.com/pg/bangtan.off…","indices":[76,99]}],"media":[{"id":1177870673445712000,"id_str":"1177870673445711872","indices":[101,124],"media_url":"http://pbs.twimg.com/media/EFijIwoU8AAQ9V_.jpg","media_url_https":"https://pbs.twimg.com/media/EFijIwoU8AAQ9V_.jpg","url":"https://t.co/PbqCNSWB3w","display_url":"pic.twitter.com/PbqCNSWB3w","expanded_url":"https://twitter.com/bts_bighit/status/1177870690571079681/photo/1","type":"photo","sizes":{"thumb":{"w":150,"h":150,"resize":"crop"},"large":{"w":2000,"h":1333,"resize":"fit"},"small":{"w":680,"h":453,"resize":"fit"},"medium":{"w":1200,"h":800,"resize":"fit"}}}]},"extended_entities":{"media":[{"id":1177870673445712000,"id_str":"1177870673445711872","indices":[101,124],"media_url":"http://pbs.twimg.com/media/EFijIwoU8AAQ9V_.jpg","media_url_https":"https://pbs.twimg.com/media/EFijIwoU8AAQ9V_.jpg","url":"https://t.co/PbqCNSWB3w","display_url":"pic.twitter.com/PbqCNSWB3w","expanded_url":"https://twitter.com/bts_bighit/status/1177870690571079681/photo/1","type":"photo","sizes":{"thumb":{"w":150,"h":150,"resize":"crop"},"large":{"w":2000,"h":1333,"resize":"fit"},"small":{"w":680,"h":453,"resize":"fit"},"medium":{"w":1200,"h":800,"resize":"fit"}}},{"id":1177870673424744400,"id_str":"1177870673424744454","indices":[101,124],"media_url":"http://pbs.twimg.com/media/EFijIwjVAAYbOU9.jpg","media_url_https":"https://pbs.twimg.com/media/EFijIwjVAAYbOU9.jpg","url":"https://t.co/PbqCNSWB3w","display_url":"pic.twitter.com/PbqCNSWB3w","expanded_url":"https://twitter.com/bts_bighit/status/1177870690571079681/photo/1","type":"photo","sizes":{"thumb":{"w":150,"h":150,"resize":"crop"},"large":{"w":1333,"h":2000,"resize":"fit"},"medium":{"w":800,"h":1200,"resize":"fit"},"small":{"w":453,"h":680,"resize":"fit"}}},{"id":1177870673420546000,"id_str":"1177870673420546048","indices":[101,124],"media_url":"http://pbs.twimg.com/media/EFijIwiU8AAXOOx.jpg","media_url_https":"https://pbs.twimg.com/media/EFijIwiU8AAXOOx.jpg","url":"https://t.co/PbqCNSWB3w","display_url":"pic.twitter.com/PbqCNSWB3w","expanded_url":"https://twitter.com/bts_bighit/status/1177870690571079681/photo/1","type":"photo","sizes":{"thumb":{"w":150,"h":150,"resize":"crop"},"large":{"w":2000,"h":1333,"resize":"fit"},"small":{"w":680,"h":453,"resize":"fit"},"medium":{"w":1200,"h":800,"resize":"fit"}}},{"id":1177870673420513300,"id_str":"1177870673420513280","indices":[101,124],"media_url":"http://pbs.twimg.com/media/EFijIwiUcAAJKIC.jpg","media_url_https":"https://pbs.twimg.com/media/EFijIwiUcAAJKIC.jpg","url":"https://t.co/PbqCNSWB3w","display_url":"pic.twitter.com/PbqCNSWB3w","expanded_url":"https://twitter.com/bts_bighit/status/1177870690571079681/photo/1","type":"photo","sizes":{"thumb":{"w":150,"h":150,"resize":"crop"},"small":{"w":680,"h":453,"resize":"fit"},"medium":{"w":1200,"h":800,"resize":"fit"},"large":{"w":2000,"h":1333,"resize":"fit"}}}]},"metadata":{"iso_language_code":"en","result_type":"recent"},"source":"<a href=\"https://mobile.twitter.com\" rel=\"nofollow\">Twitter Web App</a>","in_reply_to_status_id":null,"in_reply_to_status_id_str":null,"in_reply_to_user_id":null,"in_reply_to_user_id_str":null,"in_reply_to_screen_name":null,"user":{"id":1409798257,"id_str":"1409798257","name":"BTS_official","screen_name":"bts_bighit","location":"http://cafe.daum.net/BANGTAN","description":"#방탄소년단 공식 트위터 입니다.","url":"https://t.co/UKFREoHhAr","entities":{"url":{"urls":[{"url":"https://t.co/UKFREoHhAr","expanded_url":"http://bts.ibighit.com","display_url":"bts.ibighit.com","indices":[0,23]}]},"description":{"urls":[]}},"protected":false,"followers_count":18479887,"friends_count":22,"listed_count":25806,"created_at":"Tue May 07 09:13:05 +0000 2013","favourites_count":16,"utc_offset":null,"time_zone":null,"geo_enabled":true,"verified":true,"statuses_count":8124,"lang":null,"contributors_enabled":false,"is_translator":false,"is_translation_enabled":false,"profile_background_color":"F69A95","profile_background_image_url":"http://abs.twimg.com/images/themes/theme11/bg.gif","profile_background_image_url_https":"https://abs.twimg.com/images/themes/theme11/bg.gif","profile_background_tile":true,"profile_image_url":"http://pbs.twimg.com/profile_images/1214924997766066179/Iyhu1Odp_normal.jpg","profile_image_url_https":"https://pbs.twimg.com/profile_images/1214924997766066179/Iyhu1Odp_normal.jpg","profile_banner_url":"https://pbs.twimg.com/profile_banners/1409798257/1578495667","profile_link_color":"F69A95","profile_sidebar_border_color":"FFFFFF","profile_sidebar_fill_color":"DDEEF6","profile_text_color":"333333","profile_use_background_image":false,"has_extended_profile":false,"default_profile":false,"default_profile_image":false,"following":false,"follow_request_sent":false,"notifications":false,"translator_type":"none"},"geo":null,"coordinates":null,"place":null,"contributors":null,"is_quote_status":false,"retweet_count":331671,"favorite_count":1271507,"favorited":false,"retweeted":false,"possibly_sensitive":false,"lang":"en"},"is_quote_status":false,"retweet_count":331671,"favorite_count":0,"favorited":false,"retweeted":false,"possibly_sensitive":false,"lang":"en","from_query":"noodle"},{"_id":"5e21efe1a7825a1a83e43211","created_at":"2020-01-17T17:22:30.000Z","id":1218222072360525800,"id_str":"1218222072360525828","text":"@Captkindawesome @matrixreloaded_ I wish I was that noodle","truncated":false,"entities":{"hashtags":[],"symbols":[],"user_mentions":[{"screen_name":"Captkindawesome","name":"Cereal Spearmint Slain","id":874751370632540200,"id_str":"874751370632540161","indices":[0,16]},{"screen_name":"matrixreloaded_","name":"glacier microbe","id":725235466430087200,"id_str":"725235466430087168","indices":[17,33]}],"urls":[]},"metadata":{"iso_language_code":"en","result_type":"recent"},"source":"<a href=\"http://twitter.com/download/android\" rel=\"nofollow\">Twitter for Android</a>","in_reply_to_status_id":1217605875155853300,"in_reply_to_status_id_str":"1217605875155853317","in_reply_to_user_id":874751370632540200,"in_reply_to_user_id_str":"874751370632540161","in_reply_to_screen_name":"Captkindawesome","user":{"id":514690265,"id_str":"514690265","name":"leenz","screen_name":"Alina_Gator","location":"OH/FL","description":"u know da vibes","url":"https://t.co/WQeay5Wcsh","entities":{"url":{"urls":[{"url":"https://t.co/WQeay5Wcsh","expanded_url":"https://help.rescue.org/donate/","display_url":"help.rescue.org/donate/","indices":[0,23]}]},"description":{"urls":[]}},"protected":false,"followers_count":640,"friends_count":617,"listed_count":4,"created_at":"Sun Mar 04 19:46:01 +0000 2012","favourites_count":14510,"utc_offset":null,"time_zone":null,"geo_enabled":true,"verified":false,"statuses_count":16026,"lang":null,"contributors_enabled":false,"is_translator":false,"is_translation_enabled":false,"profile_background_color":"CC00DD","profile_background_image_url":"http://abs.twimg.com/images/themes/theme1/bg.png","profile_background_image_url_https":"https://abs.twimg.com/images/themes/theme1/bg.png","profile_background_tile":true,"profile_image_url":"http://pbs.twimg.com/profile_images/1144080092181737472/TsbG03-F_normal.jpg","profile_image_url_https":"https://pbs.twimg.com/profile_images/1144080092181737472/TsbG03-F_normal.jpg","profile_banner_url":"https://pbs.twimg.com/profile_banners/514690265/1561604124","profile_link_color":"91D2FA","profile_sidebar_border_color":"FFFFFF","profile_sidebar_fill_color":"DDEEF6","profile_text_color":"333333","profile_use_background_image":true,"has_extended_profile":true,"default_profile":false,"default_profile_image":false,"following":false,"follow_request_sent":false,"notifications":false,"translator_type":"none"},"geo":null,"coordinates":null,"place":null,"contributors":null,"is_quote_status":false,"retweet_count":0,"favorite_count":0,"favorited":false,"retweeted":false,"lang":"en","from_query":"noodle"}],"search_metadata":{"query":"noodle","count":10}}