{"statuses":[{"_id":"5e22e8e7ae69c74b4b07c080","created_at":"2020-01-18T11:15:43.000Z","id":1218492156328972300,"id_str":"1218492156328972289","text":"@Conor_Gaul and you aswell noodle. #nonleaguemessi","truncated":false,"entities":{"hashtags":[{"text":"nonleaguemessi","indices":[35,50]}],"symbols":[],"user_mentions":[{"screen_name":"Conor_Gaul","name":"Conor Gaul","id":235161854,"id_str":"235161854","indices":[0,11]}],"urls":[]},"metadata":{"iso_language_code":"en","result_type":"recent"},"source":"<a href=\"http://twitter.com/download/iphone\" rel=\"nofollow\">Twitter for iPhone</a>","in_reply_to_status_id":1218491434904510500,"in_reply_to_status_id_str":"1218491434904510464","in_reply_to_user_id":151638267,"in_reply_to_user_id_str":"151638267","in_reply_to_screen_name":"cole_lonsdale","user":{"id":151638267,"id_str":"151638267","name":"Cole Lonsdale","screen_name":"cole_lonsdale","location":"Bolton, England","description":"","url":null,"entities":{"description":{"urls":[]}},"protected":false,"followers_count":1482,"friends_count":333,"listed_count":2,"created_at":"Thu Jun 03 22:08:21 +0000 2010","favourites_count":12132,"utc_offset":null,"time_zone":null,"geo_enabled":false,"verified":false,"statuses_count":91,"lang":null,"contributors_enabled":false,"is_translator":false,"is_translation_enabled":false,"profile_background_color":"C0DEED","profile_background_image_url":"http://abs.twimg.com/images/themes/theme1/bg.png","profile_background_image_url_https":"https://abs.twimg.com/images/themes/theme1/bg.png","profile_background_tile":false,"profile_image_url":"http://pbs.twimg.com/profile_images/1217386555272245249/9cx-RBl9_normal.jpg","profile_image_url_https":"https://pbs.twimg.com/profile_images/1217386555272245249/9cx-RBl9_normal.jpg","profile_link_color":"1DA1F2","profile_sidebar_border_color":"C0DEED","profile_sidebar_fill_color":"DDEEF6","profile_text_color":"333333","profile_use_background_image":true,"has_extended_profile":true,"default_profile":true,"default_profile_image":false,"following":false,"follow_request_sent":false,"notifications":false,"translator_type":"none"},"geo":null,"coordinates":null,"place":null,"contributors":null,"is_quote_status":false,"retweet_count":0,"favorite_count":0,"favorited":false,"retweeted":false,"lang":"en","from_query":"noodle"},{"_id":"5e22e8e7ae69c74b4b07c081","created_at":"2020-01-18T11:15:39.000Z","id":1218492142709903400,"id_str":"1218492142709903360","text":"RT @WuYiFan_KrisBar: 101228 Mango Entertainment Weibo update \n\nCongratulations on Kris Wu rewarding “The most powerful artist of the year”!…","truncated":false,"entities":{"hashtags":[],"symbols":[],"user_mentions":[{"screen_name":"WuYiFan_KrisBar","name":"吴亦凡吧_KrisBar","id":1639272536,"id_str":"1639272536","indices":[3,19]}],"urls":[]},"metadata":{"iso_language_code":"en","result_type":"recent"},"source":"<a href=\"https://mobile.twitter.com\" rel=\"nofollow\">Twitter Web App</a>","in_reply_to_status_id":null,"in_reply_to_status_id_str":null,"in_reply_to_user_id":null,"in_reply_to_user_id_str":null,"in_reply_to_screen_name":null,"user":{"id":2921505824,"id_str":"2921505824","name":"bubblicious","screen_name":"bubbblicious","location":"","description":"step by step","url":null,"entities":{"description":{"urls":[]}},"protected":false,"followers_count":5,"friends_count":33,"listed_count":0,"created_at":"Sun Dec 07 10:00:31 +0000 2014","favourites_count":8530,"utc_offset":null,"time_zone":null,"geo_enabled":false,"verified":false,"statuses_count":8788,"lang":null,"contributors_enabled":false,"is_translator":false,"is_translation_enabled":false,"profile_background_color":"C0DEED","profile_background_image_url":"http://abs.twimg.com/images/themes/theme1/bg.png","profile_background_image_url_https":"https://abs.twimg.com/images/themes/theme1/bg.png","profile_background_tile":false,"profile_image_url":"http://pbs.twimg.com/profile_images/917902152365834240/_EWAlaPH_normal.jpg","profile_image_url_https":"https://pbs.twimg.com/profile_images/917902152365834240/_EWAlaPH_normal.jpg","profile_link_color":"1DA1F2","profile_sidebar_border_color":"C0DEED","profile_sidebar_fill_color":"DDEEF6","profile_text_color":"333333","profile_use_background_image":true,"has_extended_profile":false,"default_profile":true,"default_profile_image":false,"following":false,"follow_request_sent":false,"notifications":false,"translator_type":"none"},"geo":null,"coordinates":null,"place":null,"contributors":null,"retweeted_status":{"created_at":"Sat Dec 28 13:30:13 +0000 2019","id":1210915860564459500,"id_str":"1210915860564459520","text":"101228 Mango Entertainment Weibo update \n\nCongratulations on Kris Wu rewarding “The most powerful artist of the yea… https://t.co/XnryW2fAk2","truncated":true,"entities":{"hashtags":[],"symbols":[],"user_mentions":[],"urls":[{"url":"https://t.co/XnryW2fAk2","expanded_url":"https://twitter.com/i/web/status/1210915860564459520","display_url":"twitter.com/i/web/status/1…","indices":[117,140]}]},"metadata":{"iso_language_code":"en","result_type":"recent"},"source":"<a href=\"http://twitter.com/download/iphone\" rel=\"nofollow\">Twitter for iPhone</a>","in_reply_to_status_id":null,"in_reply_to_status_id_str":null,"in_reply_to_user_id":null,"in_reply_to_user_id_str":null,"in_reply_to_screen_name":null,"user":{"id":1639272536,"id_str":"1639272536","name":"吴亦凡吧_KrisBar","screen_name":"WuYiFan_KrisBar","location":"","description":"1️⃣https://t.co/M1bjgb5z1f 2️⃣https://t.co/8oa5aZegJA 3️⃣https://t.co/DybxIxo7SA","url":null,"entities":{"description":{"urls":[{"url":"https://t.co/M1bjgb5z1f","expanded_url":"https://m.youtube.com/channel/UChJL-1USNhbwfZa4tj0MrmA","display_url":"m.youtube.com/channel/UChJL-…","indices":[3,26]},{"url":"https://t.co/8oa5aZegJA","expanded_url":"https://m.facebook.com/kriswugalaxy/","display_url":"m.facebook.com/kriswugalaxy/","indices":[30,53]},{"url":"https://t.co/DybxIxo7SA","expanded_url":"http://Instagram.com/kriswu","display_url":"Instagram.com/kriswu","indices":[57,80]}]}},"protected":false,"followers_count":77334,"friends_count":56,"listed_count":912,"created_at":"Fri Aug 02 01:18:19 +0000 2013","favourites_count":2311,"utc_offset":null,"time_zone":null,"geo_enabled":true,"verified":false,"statuses_count":12499,"lang":null,"contributors_enabled":false,"is_translator":false,"is_translation_enabled":false,"profile_background_color":"EBEBEB","profile_background_image_url":"http://abs.twimg.com/images/themes/theme7/bg.gif","profile_background_image_url_https":"https://abs.twimg.com/images/themes/theme7/bg.gif","profile_background_tile":false,"profile_image_url":"http://pbs.twimg.com/profile_images/1192394919270219776/4JRhafm4_normal.jpg","profile_image_url_https":"https://pbs.twimg.com/profile_images/1192394919270219776/4JRhafm4_normal.jpg","profile_banner_url":"https://pbs.twimg.com/profile_banners/1639272536/1578920030","profile_link_color":"990000","profile_sidebar_border_color":"FFFFFF","profile_sidebar_fill_color":"F3F3F3","profile_text_color":"333333","profile_use_background_image":true,"has_extended_profile":true,"default_profile":false,"default_profile_image":false,"following":false,"follow_request_sent":false,"notifications":false,"translator_type":"none"},"geo":null,"coordinates":null,"place":null,"contributors":null,"is_quote_status":false,"retweet_count":555,"favorite_count":657,"favorited":false,"retweeted":false,"possibly_sensitive":false,"lang":"en"},"is_quote_status":false,"retweet_count":555,"favorite_count":0,"favorited":false,"retweeted":false,"lang":"en","from_query":"noodle"},{"_id":"5e22e8e7ae69c74b4b07c082","created_at":"2020-01-18T11:15:37.000Z","id":1218492131175616500,"id_str":"1218492131175616512","text":"RT @jtotheyoun: แรงมากแรงที่สุด คิดไว้แล้วว่ายังไงซึงยอนต้องมา anysong แน่ แต่ไม่คิดว่าจะมากับเจ้าของเพลง กีสสสสสสสสสสสส  https://t.co/LlqT…","truncated":false,"entities":{"hashtags":[],"symbols":[],"user_mentions":[{"screen_name":"jtotheyoun","name":"โชเจ🌴🐋","id":1151001119377637400,"id_str":"1151001119377637376","indices":[3,14]}],"urls":[]},"metadata":{"iso_language_code":"th","result_type":"recent"},"source":"<a href=\"http://twitter.com/download/android\" rel=\"nofollow\">Twitter for Android</a>","in_reply_to_status_id":null,"in_reply_to_status_id_str":null,"in_reply_to_user_id":null,"in_reply_to_user_id_str":null,"in_reply_to_screen_name":null,"user":{"id":763178259940905000,"id_str":"763178259940904962","name":"gg leez วอนอิทของ x1","screen_name":"Noodle_BF","location":"","description":"เราจะปกป้องเธอเอง  x1\n#เมียฮันกยอล #แม่น้องนัม","url":null,"entities":{"description":{"urls":[]}},"protected":false,"followers_count":118,"friends_count":240,"listed_count":0,"created_at":"Wed Aug 10 01:00:51 +0000 2016","favourites_count":1327,"utc_offset":null,"time_zone":null,"geo_enabled":false,"verified":false,"statuses_count":31499,"lang":null,"contributors_enabled":false,"is_translator":false,"is_translation_enabled":false,"profile_background_color":"F5F8FA","profile_background_image_url":null,"profile_background_image_url_https":null,"profile_background_tile":false,"profile_image_url":"http://pbs.twimg.com/profile_images/1214174303580647424/CUHgp2ey_normal.jpg","profile_image_url_https":"https://pbs.twimg.com/profile_images/1214174303580647424/CUHgp2ey_normal.jpg","profile_banner_url":"https://pbs.twimg.com/profile_banners/763178259940904962/1576983113","profile_link_color":"1DA1F2","profile_sidebar_border_color":"C0DEED","profile_sidebar_fill_color":"DDEEF6","profile_text_color":"333333","profile_use_background_image":true,"has_extended_profile":false,"default_profile":true,"default_profile_image":false,"following":false,"follow_request_sent":false,"notifications":false,"translator_type":"none"},"geo":null,"coordinates":null,"place":null,"contributors":null,"retweeted_status":{"created_at":"Sat Jan 18 10:46:56 +0000 2020","id":1218484914867228700,"id_str":"1218484914867228673","text":"แรงมากแรงที่สุด คิดไว้แล้วว่ายังไงซึงยอนต้องมา anysong แน่ แต่ไม่คิดว่าจะมากับเจ้าของเพลง กีสสสสสสสสสสสส  https://t.co/LlqTp9x3zw","truncated":false,"entities":{"hashtags":[],"symbols":[],"user_mentions":[],"urls":[],"media":[{"id":1218484449563664400,"id_str":"1218484449563664385","indices":[106,129],"media_url":"http://pbs.twimg.com/ext_tw_video_thumb/1218484449563664385/pu/img/FtkOzTlSuGmY4DZ5.jpg","media_url_https":"https://pbs.twimg.com/ext_tw_video_thumb/1218484449563664385/pu/img/FtkOzTlSuGmY4DZ5.jpg","url":"https://t.co/LlqTp9x3zw","display_url":"pic.twitter.com/LlqTp9x3zw","expanded_url":"https://twitter.com/PATSICAJONES/status/1218484529351888898/video/1","type":"photo","sizes":{"medium":{"w":640,"h":640,"resize":"fit"},"thumb":{"w":150,"h":150,"resize":"crop"},"large":{"w":640,"h":640,"resize":"fit"},"small":{"w":640,"h":640,"resize":"fit"}},"source_status_id":1218484529351889000,"source_status_id_str":"1218484529351888898","source_user_id":753348939349303300,"source_user_id_str":"753348939349303296"}]},"extended_entities":{"media":[{"id":1218484449563664400,"id_str":"1218484449563664385","indices":[106,129],"media_url":"http://pbs.twimg.com/ext_tw_video_thumb/1218484449563664385/pu/img/FtkOzTlSuGmY4DZ5.jpg","media_url_https":"https://pbs.twimg.com/ext_tw_video_thumb/1218484449563664385/pu/img/FtkOzTlSuGmY4DZ5.jpg","url":"https://t.co/LlqTp9x3zw","display_url":"pic.twitter.com/LlqTp9x3zw","expanded_url":"https://twitter.com/PATSICAJONES/status/1218484529351888898/video/1","type":"video","sizes":{"medium":{"w":640,"h":640,"resize":"fit"},"thumb":{"w":150,"h":150,"resize":"crop"},"large":{"w":640,"h":640,"resize":"fit"},"small":{"w":640,"h":640,"resize":"fit"}},"source_status_id":1218484529351889000,"source_status_id_str":"1218484529351888898","source_user_id":753348939349303300,"source_user_id_str":"753348939349303296","video_info":{"aspect_ratio":[1,1],"duration_millis":31267,"variants":[{"content_type":"application/x-mpegURL","url":"https://video.twimg.com/ext_tw_video/1218484449563664385/pu/pl/pP3SGwtXC8CyntCt.m3u8?tag=10"},{"bitrate":432000,"content_type":"video/mp4","url":"https://video.twimg.com/ext_tw_video/1218484449563664385/pu/vid/320x320/K7PD4HN3hVYBYH2B.mp4?tag=10"},{"bitrate":832000,"content_type":"video/mp4","url":"https://video.twimg.com/ext_tw_video/1218484449563664385/pu/vid/480x480/fAlHDI_4WHeLu7wU.mp4?tag=10"},{"bitrate":1280000,"content_type":"video/mp4","url":"https://video.twimg.com/ext_tw_video/1218484449563664385/pu/vid/640x640/3y7MThyfMrBMzfQg.mp4?tag=10"}]},"additional_media_info":{"monetizable":false}}]},"metadata":{"iso_language_code":"th","result_type":"recent"},"source":"<a href=\"http://twitter.com/download/iphone\" rel=\"nofollow\">Twitter for iPhone</a>","in_reply_to_status_id":null,"in_reply_to_status_id_str":null,"in_reply_to_user_id":null,"in_reply_to_user_id_str":null,"in_reply_to_screen_name":null,"user":{"id":1151001119377637400,"id_str":"1151001119377637376","name":"โชเจ🌴🐋","screen_name":"jtotheyoun","location":"i'm divin’ in your pool 🌊","description":"ชื่อซึงยอนสะกดยังไงนะ ไม้เอก ไม้โท หรือไม้ไหว้แล้วอย้ากเป้นเมีย","url":"https://t.co/JKNBU0cAnu","entities":{"url":{"urls":[{"url":"https://t.co/JKNBU0cAnu","expanded_url":"http://seungyounpuamakmak.com","display_url":"seungyounpuamakmak.com","indices":[0,23]}]},"description":{"urls":[]}},"protected":false,"followers_count":6246,"friends_count":189,"listed_count":12,"created_at":"Tue Jul 16 05:30:26 +0000 2019","favourites_count":520,"utc_offset":null,"time_zone":null,"geo_enabled":false,"verified":false,"statuses_count":36367,"lang":null,"contributors_enabled":false,"is_translator":false,"is_translation_enabled":false,"profile_background_color":"F5F8FA","profile_background_image_url":null,"profile_background_image_url_https":null,"profile_background_tile":false,"profile_image_url":"http://pbs.twimg.com/profile_images/1214093376481443840/0obRIbxs_normal.jpg","profile_image_url_https":"https://pbs.twimg.com/profile_images/1214093376481443840/0obRIbxs_normal.jpg","profile_banner_url":"https://pbs.twimg.com/profile_banners/1151001119377637376/1564555278","profile_link_color":"1DA1F2","profile_sidebar_border_color":"C0DEED","profile_sidebar_fill_color":"DDEEF6","profile_text_color":"333333","profile_use_background_image":true,"has_extended_profile":true,"default_profile":true,"default_profile_image":false,"following":false,"follow_request_sent":false,"notifications":false,"translator_type":"none"},"geo":null,"coordinates":null,"place":null,"contributors":null,"is_quote_status":false,"retweet_count":345,"favorite_count":61,"favorited":false,"retweeted":false,"possibly_sensitive":false,"lang":"th"},"is_quote_status":false,"retweet_count":345,"favorite_count":0,"favorited":false,"retweeted":false,"lang":"th","from_query":"noodle"},{"_id":"5e22e8e7ae69c74b4b07c083","created_at":"2020-01-18T11:15:31.000Z","id":1218492105720361000,"id_str":"1218492105720360961","text":"RT @bbeemsujittra: วันนี้วันดี!!!! ถ้าดงพโยมาแจก100 #X1","truncated":false,"entities":{"hashtags":[{"text":"X1","indices":[52,55]}],"symbols":[],"user_mentions":[{"screen_name":"bbeemsujittra","name":"ซิมซาลาบีม​ ft:แก้บนเจ็ดวันค้าบ","id":769499301386997800,"id_str":"769499301386997760","indices":[3,17]}],"urls":[]},"metadata":{"iso_language_code":"th","result_type":"recent"},"source":"<a href=\"http://twitter.com/download/android\" rel=\"nofollow\">Twitter for Android</a>","in_reply_to_status_id":null,"in_reply_to_status_id_str":null,"in_reply_to_user_id":null,"in_reply_to_user_id_str":null,"in_reply_to_screen_name":null,"user":{"id":763178259940905000,"id_str":"763178259940904962","name":"gg leez วอนอิทของ x1","screen_name":"Noodle_BF","location":"","description":"เราจะปกป้องเธอเอง  x1\n#เมียฮันกยอล #แม่น้องนัม","url":null,"entities":{"description":{"urls":[]}},"protected":false,"followers_count":118,"friends_count":240,"listed_count":0,"created_at":"Wed Aug 10 01:00:51 +0000 2016","favourites_count":1327,"utc_offset":null,"time_zone":null,"geo_enabled":false,"verified":false,"statuses_count":31499,"lang":null,"contributors_enabled":false,"is_translator":false,"is_translation_enabled":false,"profile_background_color":"F5F8FA","profile_background_image_url":null,"profile_background_image_url_https":null,"profile_background_tile":false,"profile_image_url":"http://pbs.twimg.com/profile_images/1214174303580647424/CUHgp2ey_normal.jpg","profile_image_url_https":"https://pbs.twimg.com/profile_images/1214174303580647424/CUHgp2ey_normal.jpg","profile_banner_url":"https://pbs.twimg.com/profile_banners/763178259940904962/1576983113","profile_link_color":"1DA1F2","profile_sidebar_border_color":"C0DEED","profile_sidebar_fill_color":"DDEEF6","profile_text_color":"333333","profile_use_background_image":true,"has_extended_profile":false,"default_profile":true,"default_profile_image":false,"following":false,"follow_request_sent":false,"notifications":false,"translator_type":"none"},"geo":null,"coordinates":null,"place":null,"contributors":null,"retweeted_status":{"created_at":"Sat Jan 18 11:14:06 +0000 2020","id":1218491749355540500,"id_str":"1218491749355540483","text":"วันนี้วันดี!!!! ถ้าดงพโยมาแจก100 #X1","truncated":false,"entities":{"hashtags":[{"text":"X1","indices":[33,36]}],"symbols":[],"user_mentions":[],"urls":[]},"metadata":{"iso_language_code":"th","result_type":"recent"},"source":"<a href=\"http://twitter.com/download/android\" rel=\"nofollow\">Twitter for Android</a>","in_reply_to_status_id":null,"in_reply_to_status_id_str":null,"in_reply_to_user_id":null,"in_reply_to_user_id_str":null,"in_reply_to_screen_name":null,"user":{"id":769499301386997800,"id_str":"769499301386997760","name":"ซิมซาลาบีม​ ft:แก้บนเจ็ดวันค้าบ","screen_name":"bbeemsujittra","location":"ในใจหนูซน","description":"วอนอิทอากาเซ่✨🧡🌟\nรักเพวที่สุดในโลก​เลย🌍","url":null,"entities":{"description":{"urls":[]}},"protected":false,"followers_count":247,"friends_count":832,"listed_count":0,"created_at":"Sat Aug 27 11:38:24 +0000 2016","favourites_count":9526,"utc_offset":null,"time_zone":null,"geo_enabled":true,"verified":false,"statuses_count":9450,"lang":null,"contributors_enabled":false,"is_translator":false,"is_translation_enabled":false,"profile_background_color":"000000","profile_background_image_url":"http://abs.twimg.com/images/themes/theme1/bg.png","profile_background_image_url_https":"https://abs.twimg.com/images/themes/theme1/bg.png","profile_background_tile":false,"profile_image_url":"http://pbs.twimg.com/profile_images/1217044376196534274/5CfDt1FX_normal.jpg","profile_image_url_https":"https://pbs.twimg.com/profile_images/1217044376196534274/5CfDt1FX_normal.jpg","profile_banner_url":"https://pbs.twimg.com/profile_banners/769499301386997760/1578845662","profile_link_color":"E81C4F","profile_sidebar_border_color":"000000","profile_sidebar_fill_color":"000000","profile_text_color":"000000","profile_use_background_image":false,"has_extended_profile":true,"default_profile":false,"default_profile_image":false,"following":false,"follow_request_sent":false,"notifications":false,"translator_type":"none"},"geo":null,"coordinates":null,"place":null,"contributors":null,"is_quote_status":false,"retweet_count":3,"favorite_count":0,"favorited":false,"retweeted":false,"lang":"th"},"is_quote_status":false,"retweet_count":3,"favorite_count":0,"favorited":false,"retweeted":false,"lang":"th","from_query":"noodle"},{"_id":"5e22e8e7ae69c74b4b07c084","created_at":"2020-01-18T11:15:29.000Z","id":1218492099034828800,"id_str":"1218492099034828805","text":"RT @tothedeaths: you ever just go feral for like...wangxian nonsexual intimacy........CANNOT explain why i am out here like losing my fucki…","truncated":false,"entities":{"hashtags":[],"symbols":[],"user_mentions":[{"screen_name":"tothedeaths","name":"蔼雯 ☁️","id":1201068159127572500,"id_str":"1201068159127572480","indices":[3,15]}],"urls":[]},"metadata":{"iso_language_code":"en","result_type":"recent"},"source":"<a href=\"http://twitter.com/download/android\" rel=\"nofollow\">Twitter for Android</a>","in_reply_to_status_id":null,"in_reply_to_status_id_str":null,"in_reply_to_user_id":null,"in_reply_to_user_id_str":null,"in_reply_to_screen_name":null,"user":{"id":1208532770504482800,"id_str":"1208532770504482816","name":"Amy | wwx bi bff","screen_name":"weiyinggay","location":"Gusu Mountains","description":"#WeiWuxian: Here for a good time not a long time","url":"https://t.co/PPuhVQvSB6","entities":{"url":{"urls":[{"url":"https://t.co/PPuhVQvSB6","expanded_url":"http://SiZhui.xn--c6h/","display_url":"SiZhui.♡","indices":[0,23]}]},"description":{"urls":[]}},"protected":false,"followers_count":178,"friends_count":151,"listed_count":1,"created_at":"Sat Dec 21 23:40:50 +0000 2019","favourites_count":3581,"utc_offset":null,"time_zone":null,"geo_enabled":false,"verified":false,"statuses_count":2659,"lang":null,"contributors_enabled":false,"is_translator":false,"is_translation_enabled":false,"profile_background_color":"F5F8FA","profile_background_image_url":null,"profile_background_image_url_https":null,"profile_background_tile":false,"profile_image_url":"http://pbs.twimg.com/profile_images/1216911759266795521/L_hIHbOP_normal.jpg","profile_image_url_https":"https://pbs.twimg.com/profile_images/1216911759266795521/L_hIHbOP_normal.jpg","profile_banner_url":"https://pbs.twimg.com/profile_banners/1208532770504482816/1578542222","profile_link_color":"1DA1F2","profile_sidebar_border_color":"C0DEED","profile_sidebar_fill_color":"DDEEF6","profile_text_color":"333333","profile_use_background_image":true,"has_extended_profile":true,"default_profile":true,"default_profile_image":false,"following":false,"follow_request_sent":false,"notifications":false,"translator_type":"none"},"geo":null,"coordinates":null,"place":null,"contributors":null,"retweeted_status":{"created_at":"Sat Jan 18 05:58:59 +0000 2020","id":1218412448929046500,"id_str":"1218412448929046528","text":"you ever just go feral for like...wangxian nonsexual intimacy........CANNOT explain why i am out here like losing m… https://t.co/Qx4jqju5LG","truncated":true,"entities":{"hashtags":[],"symbols":[],"user_mentions":[],"urls":[{"url":"https://t.co/Qx4jqju5LG","expanded_url":"https://twitter.com/i/web/status/1218412448929046528","display_url":"twitter.com/i/web/status/1…","indices":[117,140]}]},"metadata":{"iso_language_code":"en","result_type":"recent"},"source":"<a href=\"https://about.twitter.com/products/tweetdeck\" rel=\"nofollow\">TweetDeck</a>","in_reply_to_status_id":null,"in_reply_to_status_id_str":null,"in_reply_to_user_id":null,"in_reply_to_user_id_str":null,"in_reply_to_screen_name":null,"user":{"id":1201068159127572500,"id_str":"1201068159127572480","name":"蔼雯 ☁️","screen_name":"tothedeaths","location":"yiqie @ ao3","description":"i’m aiwen! 🎋 如果我和他们之间必有一战, 那我宁愿和你决一生死 👹 夷陵老祖 rights activist ✨ mdzs/cql + tgcf ❄ 24, she/her 🍶 ENG/中文 OK!","url":null,"entities":{"description":{"urls":[]}},"protected":false,"followers_count":688,"friends_count":35,"listed_count":3,"created_at":"Sun Dec 01 09:19:09 +0000 2019","favourites_count":953,"utc_offset":null,"time_zone":null,"geo_enabled":false,"verified":false,"statuses_count":1583,"lang":null,"contributors_enabled":false,"is_translator":false,"is_translation_enabled":false,"profile_background_color":"F5F8FA","profile_background_image_url":null,"profile_background_image_url_https":null,"profile_background_tile":false,"profile_image_url":"http://pbs.twimg.com/profile_images/1204536763982630913/tlrGdccl_normal.jpg","profile_image_url_https":"https://pbs.twimg.com/profile_images/1204536763982630913/tlrGdccl_normal.jpg","profile_banner_url":"https://pbs.twimg.com/profile_banners/1201068159127572480/1578447504","profile_link_color":"1DA1F2","profile_sidebar_border_color":"C0DEED","profile_sidebar_fill_color":"DDEEF6","profile_text_color":"333333","profile_use_background_image":true,"has_extended_profile":true,"default_profile":true,"default_profile_image":false,"following":false,"follow_request_sent":false,"notifications":false,"translator_type":"none"},"geo":null,"coordinates":null,"place":null,"contributors":null,"is_quote_status":false,"retweet_count":153,"favorite_count":509,"favorited":false,"retweeted":false,"lang":"en"},"is_quote_status":false,"retweet_count":153,"favorite_count":0,"favorited":false,"retweeted":false,"lang":"en","from_query":"noodle"}],"search_metadata":{"query":"noodle","count":5,"max_id":1218492156328972300,"max_id_str":"1218492156328972289","refresh_url":"/feed/timeline?q=noodle&size=5&since_id=1218492156328972289"}}