{"statuses":[{"_id":"5e22487df8b5fd36b1f80576","created_at":"2020-01-17T23:50:28.000Z","id":1218319708262301700,"id_str":"1218319708262301696","text":"@Ramgerainer prawn noodle pls","truncated":false,"entities":{"hashtags":[],"symbols":[],"user_mentions":[{"screen_name":"Ramgerainer","name":"Ramge","id":487433854,"id_str":"487433854","indices":[0,12]}],"urls":[]},"metadata":{"iso_language_code":"en","result_type":"recent"},"source":"<a href=\"http://twitter.com/download/iphone\" rel=\"nofollow\">Twitter for iPhone</a>","in_reply_to_status_id":null,"in_reply_to_status_id_str":null,"in_reply_to_user_id":487433854,"in_reply_to_user_id_str":"487433854","in_reply_to_screen_name":"Ramgerainer","user":{"id":854356149763686400,"id_str":"854356149763686400","name":"the dude with sauce","screen_name":"mcsaucegod","location":"LionCity, Singapore","description":"For this life, I cannot change.","url":null,"entities":{"description":{"urls":[]}},"protected":false,"followers_count":275,"friends_count":178,"listed_count":0,"created_at":"Tue Apr 18 15:29:14 +0000 2017","favourites_count":3710,"utc_offset":null,"time_zone":null,"geo_enabled":false,"verified":false,"statuses_count":5112,"lang":null,"contributors_enabled":false,"is_translator":false,"is_translation_enabled":false,"profile_background_color":"F5F8FA","profile_background_image_url":null,"profile_background_image_url_https":null,"profile_background_tile":false,"profile_image_url":"http://pbs.twimg.com/profile_images/1153982347693322240/djYWCV4M_normal.jpg","profile_image_url_https":"https://pbs.twimg.com/profile_images/1153982347693322240/djYWCV4M_normal.jpg","profile_banner_url":"https://pbs.twimg.com/profile_banners/854356149763686400/1553506751","profile_link_color":"1DA1F2","profile_sidebar_border_color":"C0DEED","profile_sidebar_fill_color":"DDEEF6","profile_text_color":"333333","profile_use_background_image":true,"has_extended_profile":true,"default_profile":true,"default_profile_image":false,"following":false,"follow_request_sent":false,"notifications":false,"translator_type":"none"},"geo":null,"coordinates":null,"place":null,"contributors":null,"is_quote_status":false,"retweet_count":0,"favorite_count":0,"favorited":false,"retweeted":false,"lang":"en","from_query":"noodle"}],"search_metadata":{"query":"noodle","count":1}}